<annotation verified="yes">
	<folder>images</folder>
	<filename>20191118090439_1.jpg</filename>
	<path>/home/icaro-lima/Documents/Python/sight-bot/workspace/training_demo/images/20191118090439_1.jpg</path>
	<source>
		<database>Unknown</database>
	</source>
	<size>
		<width>1920</width>
		<height>1080</height>
		<depth>3</depth>
	</size>
	<segmented>0</segmented>
	<object>
		<name>ct</name>
		<pose>Unspecified</pose>
		<truncated>0</truncated>
		<difficult>0</difficult>
		<bndbox>
			<xmin>38</xmin>
			<ymin>225</ymin>
			<xmax>334</xmax>
			<ymax>621</ymax>
		</bndbox>
	</object>
	<object>
		<name>ct</name>
		<pose>Unspecified</pose>
		<truncated>0</truncated>
		<difficult>0</difficult>
		<bndbox>
			<xmin>1440</xmin>
			<ymin>231</ymin>
			<xmax>1709</xmax>
			<ymax>616</ymax>
		</bndbox>
	</object>
	<object>
		<name>ct head</name>
		<pose>Unspecified</pose>
		<truncated>0</truncated>
		<difficult>0</difficult>
		<bndbox>
			<xmin>84</xmin>
			<ymin>223</ymin>
			<xmax>171</xmax>
			<ymax>313</ymax>
		</bndbox>
	</object>
	<object>
		<name>ct head</name>
		<pose>Unspecified</pose>
		<truncated>0</truncated>
		<difficult>0</difficult>
		<bndbox>
			<xmin>1597</xmin>
			<ymin>229</ymin>
			<xmax>1678</xmax>
			<ymax>302</ymax>
		</bndbox>
	</object>
</annotation>
