<annotation verified="yes">
	<folder>images</folder>
	<filename>20191118090741_1.jpg</filename>
	<path>/home/icaro-lima/Documents/Python/sight-bot/workspace/training_demo/images/20191118090741_1.jpg</path>
	<source>
		<database>Unknown</database>
	</source>
	<size>
		<width>1920</width>
		<height>1080</height>
		<depth>3</depth>
	</size>
	<segmented>0</segmented>
	<object>
		<name>ct</name>
		<pose>Unspecified</pose>
		<truncated>0</truncated>
		<difficult>0</difficult>
		<bndbox>
			<xmin>1081</xmin>
			<ymin>295</ymin>
			<xmax>1204</xmax>
			<ymax>603</ymax>
		</bndbox>
	</object>
	<object>
		<name>ct head</name>
		<pose>Unspecified</pose>
		<truncated>0</truncated>
		<difficult>0</difficult>
		<bndbox>
			<xmin>1110</xmin>
			<ymin>293</ymin>
			<xmax>1167</xmax>
			<ymax>361</ymax>
		</bndbox>
	</object>
</annotation>
