<annotation verified="yes">
	<folder>images</folder>
	<filename>20191118090728_1.jpg</filename>
	<path>/home/icaro-lima/Documents/Python/sight-bot/workspace/training_demo/images/20191118090728_1.jpg</path>
	<source>
		<database>Unknown</database>
	</source>
	<size>
		<width>1920</width>
		<height>1080</height>
		<depth>3</depth>
	</size>
	<segmented>0</segmented>
	<object>
		<name>tr</name>
		<pose>Unspecified</pose>
		<truncated>0</truncated>
		<difficult>0</difficult>
		<bndbox>
			<xmin>714</xmin>
			<ymin>175</ymin>
			<xmax>927</xmax>
			<ymax>613</ymax>
		</bndbox>
	</object>
	<object>
		<name>tr head</name>
		<pose>Unspecified</pose>
		<truncated>0</truncated>
		<difficult>0</difficult>
		<bndbox>
			<xmin>792</xmin>
			<ymin>175</ymin>
			<xmax>854</xmax>
			<ymax>261</ymax>
		</bndbox>
	</object>
</annotation>
