<annotation verified="yes">
	<folder>images</folder>
	<filename>20191118090914_1.jpg</filename>
	<path>/home/icaro-lima/Documents/Python/sight-bot/workspace/training_demo/images/20191118090914_1.jpg</path>
	<source>
		<database>Unknown</database>
	</source>
	<size>
		<width>1920</width>
		<height>1080</height>
		<depth>3</depth>
	</size>
	<segmented>0</segmented>
	<object>
		<name>ct</name>
		<pose>Unspecified</pose>
		<truncated>1</truncated>
		<difficult>0</difficult>
		<bndbox>
			<xmin>1363</xmin>
			<ymin>523</ymin>
			<xmax>1920</xmax>
			<ymax>1079</ymax>
		</bndbox>
	</object>
	<object>
		<name>ct head</name>
		<pose>Unspecified</pose>
		<truncated>0</truncated>
		<difficult>0</difficult>
		<bndbox>
			<xmin>1642</xmin>
			<ymin>527</ymin>
			<xmax>1881</xmax>
			<ymax>784</ymax>
		</bndbox>
	</object>
</annotation>
