<annotation verified="yes">
	<folder>images</folder>
	<filename>20191118090421_1.jpg</filename>
	<path>/home/icaro-lima/Documents/Python/sight-bot/workspace/training_demo/images/20191118090421_1.jpg</path>
	<source>
		<database>Unknown</database>
	</source>
	<size>
		<width>1920</width>
		<height>1080</height>
		<depth>3</depth>
	</size>
	<segmented>0</segmented>
	<object>
		<name>tr head</name>
		<pose>Unspecified</pose>
		<truncated>0</truncated>
		<difficult>0</difficult>
		<bndbox>
			<xmin>1342</xmin>
			<ymin>399</ymin>
			<xmax>1645</xmax>
			<ymax>721</ymax>
		</bndbox>
	</object>
	<object>
		<name>tr</name>
		<pose>Unspecified</pose>
		<truncated>1</truncated>
		<difficult>0</difficult>
		<bndbox>
			<xmin>1028</xmin>
			<ymin>400</ymin>
			<xmax>1920</xmax>
			<ymax>994</ymax>
		</bndbox>
	</object>
</annotation>
