<annotation verified="yes">
	<folder>images</folder>
	<filename>20191118090358_1.jpg</filename>
	<path>/home/icaro-lima/Documents/Python/sight-bot/workspace/training_demo/images/20191118090358_1.jpg</path>
	<source>
		<database>Unknown</database>
	</source>
	<size>
		<width>1920</width>
		<height>1080</height>
		<depth>3</depth>
	</size>
	<segmented>0</segmented>
	<object>
		<name>ct</name>
		<pose>Unspecified</pose>
		<truncated>0</truncated>
		<difficult>0</difficult>
		<bndbox>
			<xmin>979</xmin>
			<ymin>141</ymin>
			<xmax>1049</xmax>
			<ymax>278</ymax>
		</bndbox>
	</object>
	<object>
		<name>ct head</name>
		<pose>Unspecified</pose>
		<truncated>0</truncated>
		<difficult>0</difficult>
		<bndbox>
			<xmin>995</xmin>
			<ymin>139</ymin>
			<xmax>1028</xmax>
			<ymax>171</ymax>
		</bndbox>
	</object>
	<object>
		<name>ct</name>
		<pose>Unspecified</pose>
		<truncated>1</truncated>
		<difficult>0</difficult>
		<bndbox>
			<xmin>1411</xmin>
			<ymin>156</ymin>
			<xmax>1920</xmax>
			<ymax>1063</ymax>
		</bndbox>
	</object>
</annotation>
