<annotation verified="yes">
	<folder>images</folder>
	<filename>20191118090910_1.jpg</filename>
	<path>/home/icaro-lima/Documents/Python/sight-bot/workspace/training_demo/images/20191118090910_1.jpg</path>
	<source>
		<database>Unknown</database>
	</source>
	<size>
		<width>1920</width>
		<height>1080</height>
		<depth>3</depth>
	</size>
	<segmented>0</segmented>
	<object>
		<name>ct</name>
		<pose>Unspecified</pose>
		<truncated>0</truncated>
		<difficult>0</difficult>
		<bndbox>
			<xmin>497</xmin>
			<ymin>373</ymin>
			<xmax>613</xmax>
			<ymax>528</ymax>
		</bndbox>
	</object>
	<object>
		<name>ct head</name>
		<pose>Unspecified</pose>
		<truncated>0</truncated>
		<difficult>0</difficult>
		<bndbox>
			<xmin>515</xmin>
			<ymin>371</ymin>
			<xmax>556</xmax>
			<ymax>404</ymax>
		</bndbox>
	</object>
	<object>
		<name>ct head</name>
		<pose>Unspecified</pose>
		<truncated>0</truncated>
		<difficult>0</difficult>
		<bndbox>
			<xmin>1100</xmin>
			<ymin>556</ymin>
			<xmax>1356</xmax>
			<ymax>753</ymax>
		</bndbox>
	</object>
	<object>
		<name>ct</name>
		<pose>Unspecified</pose>
		<truncated>1</truncated>
		<difficult>0</difficult>
		<bndbox>
			<xmin>926</xmin>
			<ymin>554</ymin>
			<xmax>1828</xmax>
			<ymax>1080</ymax>
		</bndbox>
	</object>
</annotation>
