<annotation verified="yes">
	<folder>images</folder>
	<filename>20191118090733_1.jpg</filename>
	<path>/home/icaro-lima/Documents/Python/sight-bot/workspace/training_demo/images/20191118090733_1.jpg</path>
	<source>
		<database>Unknown</database>
	</source>
	<size>
		<width>1920</width>
		<height>1080</height>
		<depth>3</depth>
	</size>
	<segmented>0</segmented>
	<object>
		<name>tr</name>
		<pose>Unspecified</pose>
		<truncated>0</truncated>
		<difficult>0</difficult>
		<bndbox>
			<xmin>718</xmin>
			<ymin>86</ymin>
			<xmax>964</xmax>
			<ymax>506</ymax>
		</bndbox>
	</object>
	<object>
		<name>tr head</name>
		<pose>Unspecified</pose>
		<truncated>0</truncated>
		<difficult>0</difficult>
		<bndbox>
			<xmin>818</xmin>
			<ymin>89</ymin>
			<xmax>889</xmax>
			<ymax>166</ymax>
		</bndbox>
	</object>
</annotation>
