<annotation verified="yes">
	<folder>images</folder>
	<filename>20191118090416_1.jpg</filename>
	<path>/home/icaro-lima/Documents/Python/sight-bot/workspace/training_demo/images/20191118090416_1.jpg</path>
	<source>
		<database>Unknown</database>
	</source>
	<size>
		<width>1920</width>
		<height>1080</height>
		<depth>3</depth>
	</size>
	<segmented>0</segmented>
	<object>
		<name>tr</name>
		<pose>Unspecified</pose>
		<truncated>0</truncated>
		<difficult>0</difficult>
		<bndbox>
			<xmin>1032</xmin>
			<ymin>485</ymin>
			<xmax>1227</xmax>
			<ymax>831</ymax>
		</bndbox>
	</object>
	<object>
		<name>tr head</name>
		<pose>Unspecified</pose>
		<truncated>0</truncated>
		<difficult>0</difficult>
		<bndbox>
			<xmin>1117</xmin>
			<ymin>484</ymin>
			<xmax>1172</xmax>
			<ymax>550</ymax>
		</bndbox>
	</object>
</annotation>
