<annotation verified="yes">
	<folder>images</folder>
	<filename>20191118090556_1.jpg</filename>
	<path>/home/icaro-lima/Documents/Python/sight-bot/workspace/training_demo/images/20191118090556_1.jpg</path>
	<source>
		<database>Unknown</database>
	</source>
	<size>
		<width>1920</width>
		<height>1080</height>
		<depth>3</depth>
	</size>
	<segmented>0</segmented>
	<object>
		<name>ct</name>
		<pose>Unspecified</pose>
		<truncated>0</truncated>
		<difficult>0</difficult>
		<bndbox>
			<xmin>184</xmin>
			<ymin>473</ymin>
			<xmax>371</xmax>
			<ymax>714</ymax>
		</bndbox>
	</object>
	<object>
		<name>ct head</name>
		<pose>Unspecified</pose>
		<truncated>0</truncated>
		<difficult>0</difficult>
		<bndbox>
			<xmin>243</xmin>
			<ymin>471</ymin>
			<xmax>300</xmax>
			<ymax>518</ymax>
		</bndbox>
	</object>
	<object>
		<name>tr</name>
		<pose>Unspecified</pose>
		<truncated>1</truncated>
		<difficult>0</difficult>
		<bndbox>
			<xmin>570</xmin>
			<ymin>427</ymin>
			<xmax>1181</xmax>
			<ymax>1080</ymax>
		</bndbox>
	</object>
	<object>
		<name>tr head</name>
		<pose>Unspecified</pose>
		<truncated>0</truncated>
		<difficult>0</difficult>
		<bndbox>
			<xmin>843</xmin>
			<ymin>428</ymin>
			<xmax>995</xmax>
			<ymax>604</ymax>
		</bndbox>
	</object>
	<object>
		<name>ct</name>
		<pose>Unspecified</pose>
		<truncated>0</truncated>
		<difficult>0</difficult>
		<bndbox>
			<xmin>1370</xmin>
			<ymin>481</ymin>
			<xmax>1457</xmax>
			<ymax>659</ymax>
		</bndbox>
	</object>
	<object>
		<name>ct head</name>
		<pose>Unspecified</pose>
		<truncated>0</truncated>
		<difficult>0</difficult>
		<bndbox>
			<xmin>1390</xmin>
			<ymin>478</ymin>
			<xmax>1429</xmax>
			<ymax>510</ymax>
		</bndbox>
	</object>
</annotation>
